trialNumber,iteration,time,leftMotorCount,AccelBind.distance[0],E.x,leftMotorPower,deltaLeftMotorCount,deltaAccDispX,deltaEncDispX,rightMotorCount,AccelBind.distance[1],E.y,rightMotorPower,deltaRightMotorCount,deltaAccDispY,deltaEncDispY,pidOut,lidarDistance,deltaLidar
1,1,1519968649,-1,-1.63E-05,6.34E-08,0.5,-1,-1.63E-05,6.34E-08,0,3.59E-05,-5.89E-05,0.5,0,3.59E-05,-5.89E-05,-0.05,-0.5,-0.5
1,2,1519968649,-1,-2.10E-05,6.34E-08,0.500000834,0,-4.66E-06,0,0,5.40E-05,-5.89E-05,0.499999166,0,1.81E-05,0,-0.050000834,-0.5,0
1,3,1519968649,-1,-5.16E-05,6.34E-08,0.900139517,0,-3.06E-05,0,0,0.000199054,-5.89E-05,0.099860483,0,0.000145005,0,-0.450139517,-4.5,-4
1,4,1519968649,8,-7.80E-05,2.28E-06,0.901339173,9,-2.64E-05,2.22E-06,6,0.001716954,0.000823956,0.098660827,6,0.0015179,0.00088281,-0.451339173,-4.5,0
1,5,1519968649,34,-9.48E-05,2.83E-05,0.752542224,26,-1.67E-05,2.60E-05,24,0.00348386,0.003413408,0.247457776,18,0.001766906,0.002589453,-0.302542224,-3,1.5
1,6,1519968649,98,-0.000185716,3.40E-05,0.703342173,64,-9.09E-05,5.66E-06,94,0.008648461,0.011299864,0.296657827,70,0.005164601,0.007886456,-0.253342173,-2.5,0.5
1,7,1519968649,98,-0.000445509,3.40E-05,0.704009012,0,-0.000259792,0,94,0.016151258,0.011299864,0.295990988,0,0.007502797,0,-0.254009012,-2.5,0
1,8,1519968649,147,-0.00054691,-9.56E-05,0.754677237,49,-0.000101401,-0.00012958,163,0.020776641,0.018243447,0.245322763,69,0.004625384,0.006943583,-0.304677237,-3,-0.5
1,9,1519968649,215,-0.000432821,-0.00024556,0.755476646,68,0.000114089,-0.000149941,237,0.030901217,0.026599394,0.244523354,74,0.010124576,0.008355946,-0.305476646,-3,0
1,10,1519968649,295,-0.000421532,-0.000383232,0.656275665,80,1.13E-05,-0.000137672,316,0.04218926,0.035956193,0.343724335,79,0.011288043,0.0093568,-0.206275665,-2,1
1,11,1519968650,381,-0.000398137,-0.000571715,0.606809196,86,2.34E-05,-0.000188483,405,0.048293855,0.046253948,0.393190804,89,0.006104595,0.010297754,-0.156809196,-1.5,0.5
1,12,1519968650,474,-0.000143974,-0.000786109,0.557208781,93,0.000254163,-0.000214394,500,0.061383736,0.057316454,0.442791219,95,0.013089881,0.011062506,-0.107208781,-1,0.5
1,13,1519968650,575,0.000345698,-0.001007938,0.50747499,101,0.000489671,-0.000221829,601,0.075245428,0.069202926,0.49252501,101,0.013861691,0.011886472,-0.05747499,-0.5,0.5
1,14,1519968650,681,0.000591223,-0.001211943,0.607608351,106,0.000245525,-0.000204006,705,0.082415636,0.081560617,0.392391649,104,0.007170208,0.012357691,-0.157608351,-1.5,-1
1,15,1519968650,790,0.001304253,-0.001389023,0.658019224,109,0.00071303,-0.00017708,811,0.097053964,0.094213024,0.341980776,106,0.014638328,0.012652407,-0.208019224,-2,-0.5
1,16,1519968650,903,0.002142157,-0.001529673,0.708568855,113,0.000837904,-0.000140649,920,0.111849264,0.107277892,0.291431145,109,0.0147953,0.013064868,-0.258568855,-2.5,-0.5
1,17,1519968650,1013,0.002952735,-0.001762505,0.659254442,110,0.000810577,-0.000232832,1035,0.127253082,0.120518032,0.340745558,115,0.015403818,0.01324014,-0.209254442,-2,0.5
1,18,1519968650,1123,0.003229969,-0.002105856,0.609807624,110,0.000277235,-0.000343351,1154,0.134976263,0.133991262,0.390192376,119,0.007723182,0.01347323,-0.159807624,-1.5,0.5
1,19,1519968650,1236,0.00374028,-0.002514235,0.660219366,113,0.000510311,-0.000408379,1274,0.150611609,0.147698201,0.339780634,120,0.015635345,0.013706939,-0.210219366,-2,-0.5
1,20,1519968650,1353,0.003949478,-0.0029565,0.660776777,117,0.000209199,-0.000442265,1395,0.166258926,0.161698508,0.339223223,121,0.015647317,0.014000308,-0.210776777,-2,0
1,21,1519968650,1472,0.003911891,-0.003447066,0.661324207,119,-8.60E-06,-0.000490566,1518,0.182263022,0.175932766,0.338675793,123,0.007931542,0.014234257,-0.211324207,-2,0
1,22,1519968650,1589,0.003870447,-0.00403978,0.661880137,117,-7.04E-05,-0.000592715,1643,0.190382312,0.190163136,0.338119863,125,0.016191844,0.01423037,-0.211880137,-2,0
1,23,1519968650,1710,0.003556277,-0.004663057,0.662441127,121,-0.000314169,-0.000623276,1768,0.206765933,0.204627839,0.337558873,125,0.016383621,0.014464703,-0.212441127,-2,0
1,24,1519968650,1833,0.003176641,-0.005375971,0.612996165,123,-0.000379636,-0.000712914,1897,0.223436932,0.219441945,0.387003835,129,0.016670999,0.014814106,-0.162996165,-1.5,0.5
1,25,1519968650,1958,0.00295025,-0.006145785,0.61340853,125,-0.000226391,-0.000769814,2027,0.231764995,0.234430001,0.38659147,130,0.008328063,0.014988056,-0.16340853,-1.5,0
1,26,1519968650,2084,0.002741536,-0.006937112,0.663821862,126,-0.000208714,-0.000791328,2156,0.248590261,0.249416936,0.336178138,129,0.016825266,0.014986936,-0.213821862,-2,-0.5
1,27,1519968650,2342,0.002748204,-0.008525165,0.614380131,129,2.86E-05,-0.000784312,2415,0.274003997,0.279803066,0.385619869,129,0.016932973,0.015164106,-0.164380131,-1,0.5
1,28,1519968650,2342,0.002759045,-0.008525165,0.564816428,129,-1.11E-05,-0.000803741,2415,0.282461471,0.279803066,0.435183572,130,0.016938237,0.015222025,-0.114816428,-1,0.5
1,29,1519968651,2489,0.003230343,-0.009496939,0.565207278,147,0.000471298,-0.000971773,2565,0.29940227,0.29725572,0.434792722,150,0.0169408,0.017452654,-0.115207278,-1,0
1,30,1519968651,2625,0.003962111,-0.01032912,0.565495848,136,0.000731767,-0.000832182,2699,0.316237044,0.31312454,0.434504152,134,0.016834773,0.01586882,-0.115495848,-1,0
1,31,1519968651,2893,0.0045798,-0.011972315,0.665776713,137,0.00061769,-0.00083567,2966,0.332925505,0.344568613,0.334223287,136,0.016688461,0.016045441,-0.215776713,-2,-1
1,32,1519968651,2893,0.004912973,-0.011972315,0.666331254,131,0.000333173,-0.000807524,2966,0.341139918,0.344568613,0.333668746,131,0.008214413,0.015398632,-0.216331254,-2,0
1,33,1519968651,3022,0.005572809,-0.012767511,0.566893442,129,0.000659836,-0.000795196,3095,0.357753212,0.359732152,0.433106558,129,0.016613294,0.015163539,-0.116893442,-1,1
1,34,1519968651,3148,0.006019181,-0.013700451,0.617168887,126,0.000446372,-0.00093294,3229,0.374396749,0.375005769,0.382831113,134,0.016643537,0.015273617,-0.167168887,-1.5,-0.5
1,35,1519968651,3273,0.006115514,-0.014733521,0.717581649,125,9.63E-05,-0.00103307,3363,0.390769816,0.390213951,0.282418351,134,0.016373067,0.015208182,-0.267581649,-2.5,-1
1,36,1519968651,3527,0.00604265,-0.016825535,0.668264763,254,-2.61E-05,-0.002092014,3624,0.407411791,0.420451482,0.331735237,261,0.008228805,0.030237531,-0.218264763,-2,0.5
1,37,1519968651,3527,0.006011206,-0.016825535,0.668864405,0,-7.82E-05,0,3624,0.415836986,0.420451482,0.331135595,0,0.016838365,0,-0.218864405,-2,0
1,38,1519968651,3660,0.006189211,-0.018129877,0.669432015,133,0.000178005,-0.001304341,3767,0.432506369,0.436642779,0.330567985,143,0.016669383,0.016191297,-0.219432015,-2,0
1,39,1519968651,3790,0.006428858,-0.019367245,0.569987685,130,0.000239646,-0.001237369,3900,0.449051071,0.452071888,0.430012315,133,0.016544702,0.015429109,-0.119987685,-1,1
1,40,1519968651,3918,0.00684919,-0.02068263,0.570267419,128,0.000156609,-0.001315384,4034,0.465757189,0.467435473,0.429732581,134,0.008325795,0.015363585,-0.120267419,-1,0
1,41,1519968651,4049,0.00722783,-0.02198643,0.570547665,131,0.000642363,-0.001303801,4166,0.473922989,0.48285911,0.429452335,132,0.016546124,0.015423637,-0.120547665,-1,0
1,42,1519968651,4318,0.008193917,-0.024575748,0.57083212,137,0.000966087,-0.001308342,4433,0.490264372,0.514298494,0.42916788,135,0.016341382,0.015954779,-0.12083212,-1,0
1,43,1519968651,4318,0.009510719,-0.024575748,0.571111864,132,0.001316802,-0.001280976,4433,0.506535921,0.514298494,0.428888136,132,0.01627155,0.015484606,-0.121111864,-1,0
1,44,1519968651,4451,0.011236716,-0.025866428,0.621390985,133,0.001725997,-0.00129068,4566,0.522628716,0.529900407,0.378609015,133,0.016092794,0.015601913,-0.171390985,-1.5,-0.5
1,45,1519968651,4583,0.012044969,-0.027062311,0.621816159,132,0.000808252,-0.001195883,4694,0.530607529,0.545155689,0.378183841,128,0.007978813,0.015255282,-0.171816159,-1.5,0
1,46,1519968652,4716,0.013525199,-0.028351413,0.672236122,133,0.00148023,-0.001289102,4829,0.546347974,0.560875839,0.327763878,135,0.015740446,0.01572015,-0.222236122,-2,-0.5
1,47,1519968652,4848,0.015302731,-0.029718923,0,132,0.001777532,-0.00136751,4966,0.562174342,0.576648438,0,137,0.015826367,0.015772599,0,-2.5,-0.5
1,48,1519968652,4978,0.016147792,-0.03105636,0,130,0.000845061,-0.001337437,5098,0.570089329,0.592010119,0,132,0.007914988,0.015361681,0,-2,0.5
1,49,1519968652,5103,0.017733,-0.032427801,0,125,0.001585208,-0.001371441,5228,0.585591717,0.606955138,0,130,0.015502388,0.014945019,0,-1.5,0.5
1,50,1519968652,5103,0.019000278,-0.032427801,0,0,0.001267278,0,5228,0.599046997,0.606955138,0,0,0.01345528,0,0,-1.5,0
2,1,1519968681,1,1.83E-05,0,0.4,1,9.58E-06,0,1,-1.71E-05,0.000117708,0.6,1,-1.04E-05,0.000117708,0.05,0.5,0.5
2,2,1519968681,1,2.91E-05,0,0.599999565,0,1.96E-05,0,1,-2.41E-05,0.000117708,0.400000435,0,-1.38E-05,0,-0.149999565,-1.5,-2
2,3,1519968681,1,4.45E-05,0,0.700423712,0,1.53E-05,0,1,8.32E-05,0.000117708,0.299576288,0,0.000107373,0,-0.250423712,-2.5,-1
2,4,1519968681,6,7.99E-05,-6.97E-07,0.701117775,5,3.54E-05,-6.97E-07,7,0.001568676,0.000765104,0.298882225,6,0.001485432,0.000647395,-0.251117775,-2.5,0
2,5,1519968681,34,3.48E-05,3.82E-05,0.701815611,28,1.16E-06,3.89E-05,19,0.005337827,0.00311895,0.298184389,12,0.001549381,0.002353846,-0.251815611,-2.5,0
2,6,1519968681,59,-1.19E-05,8.45E-06,0.602514586,25,-9.29E-05,-2.97E-05,61,0.008153318,0.007062067,0.397485414,42,0.00503526,0.003943117,-0.152514586,-1.5,1
2,7,1519968681,103,-3.05E-05,-4.17E-05,0.602963947,44,-1.86E-05,-5.02E-05,112,0.01527928,0.012652988,0.397036053,51,0.007125962,0.005590921,-0.152963947,-1.5,0
2,8,1519968681,163,0.000116646,-9.54E-05,0.603387112,60,0.0001471,-5.37E-05,173,0.024206139,0.01977414,0.396612888,61,0.008926859,0.007121152,-0.153387112,-1.5,0
2,9,1519968681,235,0.00042469,-0.000156206,0.55380088,72,0.000308044,-6.08E-05,245,0.034535744,0.028248921,0.44619912,72,0.010329606,0.008474782,-0.10380088,-1,0.5
2,10,1519968681,316,0.000605728,-0.000203515,0.554079486,81,0.000181038,-4.73E-05,324,0.040188845,0.037665469,0.445920514,79,0.005653101,0.009416548,-0.104079486,-1,0
2,11,1519968681,402,0.001100752,-0.000284364,0.604355771,86,0.000495024,-8.08E-05,412,0.05222508,0.047905775,0.395644229,88,0.012036234,0.010240306,-0.154355771,-1.5,-0.5
2,12,1519968682,496,0.00182339,-0.000363776,0.654772397,94,0.000722638,-7.94E-05,506,0.064950552,0.058970073,0.345227603,94,0.012725472,0.011064298,-0.204772397,-2,-0.5
2,13,1519968682,598,0.00268985,-0.000423503,0.705324095,102,0.000390715,-5.97E-05,606,0.078482755,0.070858465,0.294675905,100,0.006639698,0.011888392,-0.255324095,-2.5,-0.5
2,14,1519968682,701,0.003246012,-0.000520149,0.706016558,103,0.001031907,-9.66E-05,711,0.085342064,0.08309975,0.293983442,105,0.013751814,0.012241285,-0.256016558,-2.5,0
2,15,1519968682,808,0.004482122,-0.000653058,0.656720456,107,0.00123611,-0.000132909,821,0.099450015,0.095870413,0.343279544,110,0.014107951,0.012770663,-0.206720456,-2,0.5
2,16,1519968682,918,0.005996515,-0.000832831,0.657273716,110,0.001514392,-0.000179773,935,0.113846931,0.10905252,0.342726284,114,0.014396915,0.013182108,-0.207273716,-2,0
2,17,1519968682,1030,0.007561969,-0.001069813,0.657837065,112,0.001565454,-0.000236982,1052,0.128565973,0.122528041,0.342162935,117,0.014719042,0.013475521,-0.207837065,-2,0
2,18,1519968682,1146,0.00831072,-0.001285403,0.558398436,116,0.000748751,-0.00021559,1168,0.135848606,0.136180505,0.441601564,116,0.007282634,0.013652465,-0.108398436,-1,1
2,19,1519968682,1264,0.009721706,-0.001569245,0.508684697,118,0.001410986,-0.000283842,1290,0.15052363,0.150302653,0.491315303,122,0.014675024,0.014122148,-0.058684697,-0.5,0.5
2,20,1519968682,1383,0.010983802,-0.001913077,0.608824112,119,0.001262096,-0.000343832,1414,0.165317797,0.164600082,0.391175888,124,0.014794166,0.014297429,-0.158824112,-1.5,-1
2,21,1519968682,1503,0.012035799,-0.002260604,0.609242936,120,0.001051997,-0.000347527,1536,0.17991935,0.17883855,0.390757064,122,0.014601553,0.014238468,-0.159242936,-1.5,0
2,22,1519968682,1746,0.01254783,-0.003011755,0.559663342,124,0.000512031,-0.00032863,1784,0.187373625,0.207726013,0.440336658,123,0.007454275,0.014533264,-0.109663342,-1,0.5
2,23,1519968682,1746,0.013475315,-0.003011755,0.559943761,119,0.000927485,-0.000422521,1784,0.202607903,0.207726013,0.440056239,125,0.015234278,0.014354199,-0.109943761,-1,0
2,24,1519968682,1866,0.014342194,-0.003589445,0.560223921,120,0.00086688,-0.00057769,1915,0.218019256,0.222487109,0.439776079,131,0.015411352,0.014761096,-0.110223921,-1,0
2,25,1519968682,2119,0.015325018,-0.004618339,0.560503805,125,0.000982824,-0.000517348,2167,0.233473598,0.252190645,0.439496195,125,0.015454343,0.014704444,-0.110503805,-1,0
2,26,1519968682,2119,0.015909105,-0.004618339,0.560784325,128,0.000584087,-0.000511547,2167,0.241203352,0.252190645,0.439215675,127,0.007729754,0.014999092,-0.110784325,-1,0
2,27,1519968682,2244,0.01713,-0.005161101,0.611065795,125,0.001220895,-0.000542762,2294,0.256641996,0.26701196,0.388934205,127,0.015438644,0.014821315,-0.161065795,-1.5,-0.5
2,28,1519968682,2375,0.01861226,-0.005714342,0.56147792,131,0.00148226,-0.000553241,2425,0.271965725,0.282421824,0.43852208,131,0.015323729,0.015409864,-0.11147792,-1,0.5
2,29,1519968682,2505,0.019472579,-0.006263359,0.51175226,130,0.000860319,-0.000549017,2555,0.279661375,0.297714055,0.48824774,130,0.007695649,0.015292231,-0.06175226,-0.5,0.5
2,30,1519968683,2634,0.021345978,-0.006845302,0.56188907,129,0.001873399,-0.000581943,2686,0.29500581,0.313005068,0.43811093,131,0.015344436,0.015291014,-0.11188907,-1,-0.5
2,31,1519968683,2766,0.023737771,-0.007350415,0.562167364,132,0.002391793,-0.000505112,2814,0.310560932,0.328298813,0.437832636,128,0.015555122,0.015293744,-0.112167364,-1,0
2,32,1519968683,2898,0.025928991,-0.007811618,0.562441499,132,0.00219122,-0.000461203,2942,0.32453432,0.343593944,0.437558501,128,0.013973388,0.015295131,-0.112441499,-1,0
2,33,1519968683,3026,0.027131608,-0.008305477,0.612718174,128,0.001202617,-0.000493859,3071,0.331894023,0.358711401,0.387281826,129,0.007359703,0.015117456,-0.162718174,-1.5,-0.5
2,34,1519968683,3151,0.02954496,-0.008852547,0.71313113,125,0.002413352,-0.00054707,3200,0.346578189,0.373650345,0.28686887,129,0.014684166,0.014938945,-0.26313113,-2.5,-1
2,35,1519968683,3276,0.031695467,-0.00946097,0.663820318,125,0.002150507,-0.000608423,3330,0.360974154,0.38864582,0.336179682,130,0.014395964,0.014995475,-0.213820318,-2,0.5
2,36,1519968683,3400,0.033375889,-0.010155484,0.614369527,124,0.001680422,-0.000694514,3461,0.375315848,0.403637554,0.385630473,131,0.014341694,0.014991734,-0.164369527,-1.5,0.5
2,37,1519968683,3523,0.034209915,-0.010957578,0.664782035,123,0.000834026,-0.000802094,3593,0.382507834,0.418623917,0.335217965,132,0.007191986,0.014986363,-0.214782035,-2,-0.5
2,38,1519968683,3649,0.036306952,-0.011779016,0.665341365,126,0.002097037,-0.000821437,3723,0.397070847,0.433668174,0.334658635,130,0.014563013,0.015044258,-0.215341365,-2,0
2,39,1519968683,3775,0.038559718,-0.012643641,0.665893754,126,0.002252766,-0.000864625,3853,0.411536615,0.448710012,0.334106246,130,0.014465768,0.015041837,-0.215893754,-2,0
2,40,1519968683,3902,0.039585331,-0.013598517,0.666444716,127,0.001025613,-0.000954876,3986,0.418757027,0.463982273,0.333555284,133,0.007220412,0.015272261,-0.216444716,-2,0
2,41,1519968683,4030,0.04185882,-0.014586274,0.666994748,128,0.00227349,-0.000987758,4118,0.433171555,0.479252443,0.333005252,132,0.014414528,0.01527017,-0.216994748,-2,0
2,42,1519968683,4161,0.044703037,-0.015539321,0.617558767,131,0.002844217,-0.000953047,4248,0.447322953,0.494583787,0.382441233,130,0.014151398,0.015331344,-0.167558767,-1.5,0.5
2,43,1519968683,4290,0.047834059,-0.016588359,0.567971289,129,0.003131022,-0.001049038,4382,0.461271385,0.510026843,0.432028711,134,0.013948432,0.015443057,-0.117971289,-1,0.5
2,44,1519968683,4421,0.049528953,-0.017646949,0.518245208,131,0.001694894,-0.00105859,4515,0.468222945,0.52552824,0.481754792,133,0.006951559,0.015501397,-0.068245208,-0.5,0.5
2,45,1519968683,4553,0.053186253,-0.018653349,0.518382611,132,0.0036573,-0.0010064,4645,0.482008135,0.540915154,0.481617389,130,0.01378519,0.015386914,-0.068382611,-0.5,0
2,46,1519968683,4686,0.057070092,-0.019624786,0.568519781,133,0.003883839,-0.000971437,4775,0.495266165,0.556363286,0.431480219,130,0.01325803,0.015448132,-0.118519781,-1,-0.5
2,47,1519968683,4818,0.061222414,-0.020555824,0.518796335,132,0.002025889,-0.000931038,4904,0.508369392,0.571695982,0.481203665,129,0.006526937,0.015332696,-0.068796335,-0.5,0.5
2,48,1519968684,4947,0.063362758,-0.021492477,0.468933923,129,0.004266777,-0.000936653,5033,0.51489656,0.586851441,0.531066077,129,0.013103458,0.015155459,-0.018933923,0,0.5
2,49,1519968684,5074,0.067625886,-0.022454247,0.418933923,127,0.004263128,-0.00096177,5162,0.527850846,0.601887379,0.581066077,129,0.012954286,0.015035938,0.031066077,0.5,0.5
2,50,1519968684,5202,0.071814756,-0.023445282,0.418796281,128,0.004188871,-0.000991035,5292,0.540482115,0.617039379,0.581203719,130,0.012631268,0.015152,0.031203719,0.5,0
2,51,1519968684,5329,0.07393033,-0.024450215,0.518658019,127,0.002115574,-0.001004933,5421,0.546804582,0.632072494,0.481341981,129,0.006322467,0.015033115,-0.068658019,-0.5,-1
2,52,1519968684,5455,0.078235171,-0.025428825,0.518800179,126,0.004304841,-0.00097861,5547,0.559625101,0.646871423,0.481199821,126,0.012820519,0.014798929,-0.068800179,-0.5,0
2,53,1519968684,5580,0.082611565,-0.026419419,0.368940574,125,0.004376394,-0.000990595,5673,0.572363363,0.661610569,0.631059426,126,0.012738262,0.014739145,0.081059426,1,1.5
2,54,1519968684,5705,0.087083317,-0.027480725,0.46866509,125,0.004471752,-0.001061305,5802,0.584918925,0.676521805,0.53133491,129,0.012555562,0.014911237,-0.01866509,0,-1
2,55,1519968684,5831,0.089385141,-0.028573068,0,126,0.002301825,-0.001092343,5931,0.591181469,0.691489812,0,129,0.006262544,0.014968007,0,-1.5,-1.5
2,56,1519968684,5963,0.094223261,-0.029544012,0,132,0.00483812,-0.000970944,6056,0.603561108,0.706584137,0,125,0.01237964,0.015094325,0,-0.5,1
2,57,1519968684,6087,0.099461227,-0.030557001,0,124,0.005237966,-0.001012989,6182,0.615641549,0.721262767,0,126,0.01208044,0.014678629,0,0,0.5
2,58,1519968684,6201,0.102165763,-0.031489724,0,114,0.002704536,-0.000932723,6297,0.620955392,0.734708057,0,115,0.005313843,0.013445291,0,0,0
2,59,1519968684,6303,0.107902132,-0.032299438,0,102,0.005736369,-0.000809714,6398,0.628958147,0.746627983,0,101,0.008002755,0.011919926,0,0,0
2,60,1519968684,6389,0.110933409,-0.032989126,0,86,0.003031277,-0.000689688,6484,0.631954784,0.756727378,0,86,0.002996638,0.010099395,0,-0.5,-0.5
2,61,1519968684,6459,0.117091595,-0.033550499,0,70,0.006158186,-0.000561374,6554,0.636100414,0.764947815,0,70,0.004145629,0.008220438,0,-1,-0.5
2,62,1519968684,6518,0.120358647,-0.033967885,0,59,0.003267052,-0.000417386,6608,0.637157357,0.771585226,0,54,0.001056944,0.00663741,0,-1,0
2,63,1519968684,6561,0.127145526,-0.034285432,0,43,0.006786879,-0.000317546,6650,0.637403913,0.776577741,0,42,0.000246556,0.004992516,0,-0.5,0.5
2,64,1519968684,6588,0.134167806,-0.034510388,0,27,0.00702228,-0.000224956,6680,0.635247817,0.779924878,0,30,-0.002156096,0.003347137,0,1,1.5
2,65,1519968684,6603,0.137769026,-0.034632732,0,15,0.00360122,-0.000122344,6696,0.633329434,0.78174525,0,16,-0.001918383,0.001820373,0,1.5,0.5
2,66,1519968684,6605,0.14512268,-0.034657044,0,2,0.007353654,-2.43E-05,6700,0.627822505,0.782097537,0,4,-0.005506929,0.000352287,0,1,-0.5
2,67,1519968685,6605,0.148921709,-0.034653097,0,0,0.003799029,3.95E-06,6699,0.624585148,0.782038816,0,-1,-0.003237357,-5.87E-05,0,2,1
3,1,1519968707,-1,1.28E-05,0,0.45,-1,1.28E-05,0,-1,3.43E-06,-0.000117708,0.55,-1,3.43E-06,-0.000117708,0,0,0
3,2,1519968707,-1,1.51E-05,0,0.65,0,2.27E-06,0,-1,2.20E-06,-0.000117708,0.35,0,-1.23E-06,0,-0.2,-2,-2
3,3,1519968707,-1,1.00E-05,0,0.800549879,0,-5.05E-06,0,-1,8.24E-05,-0.000117708,0.199450121,0,8.02E-05,0,-0.350549879,-3.5,-1.5
3,4,1519968707,6,9.33E-05,-4.56E-06,0.751515251,7,8.33E-05,-4.56E-06,10,0.001831984,0.000941657,0.248484749,11,0.001749632,0.001059365,-0.301515251,-3,0.5
3,5,1519968707,35,0.000111034,2.26E-05,0.802339018,29,1.77E-05,2.72E-05,27,0.003619058,0.003648812,0.197660982,17,0.001787073,0.002707155,-0.352339018,-3.5,-0.5
3,6,1519968707,64,-2.28E-05,-1.69E-05,0.8033029,29,-0.00013385,-3.95E-05,70,0.00913041,0.007886127,0.1966971,43,0.005511352,0.004237316,-0.3533029,-3.5,0
3,7,1519968707,110,-0.00019156,-0.000107372,0.754243,46,-0.000168744,-9.05E-05,126,0.016460009,0.013888571,0.245757,56,0.007329599,0.006002443,-0.304243,-3,0.5
3,8,1519968707,172,-9.86E-05,-0.000182707,0.705048965,62,3.68E-05,-7.53E-05,187,0.025702487,0.021127241,0.294951035,61,0.004380384,0.00723867,-0.255048965,-2.5,0.5
3,9,1519968707,241,-9.81E-05,-0.000328684,0.655733038,69,5.66E-05,-0.000145977,262,0.030855743,0.029600984,0.344266962,75,0.01001535,0.008473743,-0.205733038,-2,0.5
3,10,1519968707,320,-0.000298525,-0.000490881,0.756283299,79,-0.000200376,-0.000162197,343,0.042035289,0.039016253,0.243716701,81,0.011179546,0.00941527,-0.306283299,-3,-1
3,11,1519968707,406,-0.000475303,-0.000681969,0.757105553,86,-0.000176778,-0.000191087,431,0.054286221,0.049255095,0.242894447,88,0.012250932,0.010238842,-0.307105553,-3,0
3,12,1519968707,496,-0.000567297,-0.000922892,0.707926713,90,-9.20E-05,-0.000240923,525,0.060790239,0.060081582,0.292073287,94,0.006504018,0.010826486,-0.257926713,-2.5,0.5
3,13,1519968707,588,-0.001071594,-0.001297608,0.758609315,92,-0.000504298,-0.000374716,628,0.074366605,0.071552025,0.241390685,103,0.013576366,0.011470444,-0.308609315,-3,-0.5
3,14,1519968707,687,-0.001852094,-0.001719762,0.709429212,99,-0.0007805,-0.000422154,733,0.088704866,0.083550851,0.290570788,105,0.014338261,0.011998826,-0.259429212,-2.5,0.5
3,15,1519968707,790,-0.002731615,-0.002180927,0.610113587,103,-0.000420234,-0.000461165,840,0.103797635,0.09590162,0.389886413,107,0.007445553,0.012350768,-0.160113587,-1.5,1
3,16,1519968708,896,-0.003164242,-0.002773512,0.660526109,106,-0.000891914,-0.000592584,955,0.111605531,0.108894884,0.339473891,115,0.015455112,0.012993265,-0.210526109,-2,-0.5
3,17,1519968708,1006,-0.003926023,-0.003422415,0.711085148,110,-0.00076178,-0.000648903,1071,0.127516285,0.122180088,0.288914852,116,0.015910755,0.013285204,-0.261085148,-2.5,-0.5
3,18,1519968708,1122,-0.004731146,-0.004076671,0.661773248,116,-0.000805124,-0.000654256,1188,0.144051229,0.135877493,0.338226752,117,0.016534943,0.013697404,-0.211773248,-2,0.5
3,19,1519968708,1238,-0.005106434,-0.004812149,0.662321167,116,-0.000375288,-0.000735478,1309,0.152430255,0.149806526,0.337678833,121,0.008379026,0.013929034,-0.212321167,-2,0
3,20,1519968708,1358,-0.005731923,-0.005605371,0.612870276,120,-0.000625488,-0.000793223,1433,0.169269314,0.164145019,0.387129724,124,0.016839059,0.014338492,-0.162870276,-1.5,0.5
3,21,1519968708,1480,-0.006194701,-0.006396678,0.563288475,122,-0.000462778,-0.000791307,1556,0.186234665,0.17854256,0.436711525,123,0.016965351,0.014397542,-0.113288475,-1,0.5
3,22,1519968708,1603,-0.006480197,-0.007223823,0.563563701,123,-0.000285497,-0.000827145,1681,0.203262624,0.193114938,0.436436299,125,0.017027959,0.014572377,-0.113563701,-1,0
3,23,1519968708,1730,-0.006563405,-0.008002747,0.613836222,127,-8.32E-05,-0.000778924,1805,0.211824904,0.207866783,0.386163778,124,0.00856228,0.014751846,-0.163836222,-1.5,-0.5
3,24,1519968708,1858,-0.006605716,-0.008774909,0.714246292,128,-4.23E-05,-0.000772162,1931,0.228730994,0.222795786,0.285753708,126,0.01690609,0.014929003,-0.264246292,-2.5,-1
3,25,1519968708,1984,-0.006640413,-0.009551621,0.715053416,126,-3.47E-05,-0.000776712,2057,0.246287035,0.237606684,0.284946584,126,0.017556041,0.014810898,-0.265053416,-2.5,0
3,26,1519968708,2108,-0.006697295,-0.010353805,0.615909142,124,-5.69E-05,-0.000802184,2183,0.263389589,0.252298342,0.384090858,126,0.017102554,0.014691658,-0.165909142,-1.5,1
3,27,1519968708,2229,-0.007022274,-0.011291497,0.616312395,121,-0.000324979,-0.000937692,2313,0.280407282,0.267040947,0.383687605,130,0.017017693,0.014742605,-0.166312395,-1.5,0
3,28,1519968708,2353,-0.007266986,-0.012268655,0.71671324,124,-0.000244712,-0.000977159,2442,0.288887555,0.281898954,0.28328676,129,0.008480273,0.014858007,-0.26671324,-2.5,-1
3,29,1519968708,2477,-0.007652388,-0.013279125,0.717380726,124,-0.000385402,-0.00101047,2570,0.306039714,0.296695742,0.282619274,128,0.01715216,0.014796788,-0.267380726,-2.5,0
3,30,1519968708,2601,-0.008411961,-0.014352239,0.668069478,124,-0.000759573,-0.001073114,2699,0.323482438,0.311547126,0.331930522,129,0.017442723,0.014851385,-0.218069478,-2,0.5
3,31,1519968708,2725,-0.009283594,-0.015519766,0.568620809,124,-0.000438219,-0.001167527,2830,0.341169663,0.326509456,0.431379191,131,0.008816421,0.01496233,-0.118620809,-1,1
3,32,1519968708,2851,-0.009681042,-0.016781943,0.568889139,126,-0.000830862,-0.001262177,2963,0.35004691,0.34170034,0.431110861,133,0.017748051,0.015190884,-0.118889139,-1,0
3,33,1519968708,2977,-0.010419411,-0.018120424,0.669165094,126,-0.000738369,-0.001338481,3096,0.368009402,0.356884691,0.330834906,133,0.017962492,0.015184351,-0.219165094,-2,-1
3,34,1519968709,3108,-0.011082733,-0.019414321,0.669712033,131,-0.000663323,-0.001293896,3226,0.386019578,0.372191037,0.330287967,130,0.018010175,0.015306346,-0.219712033,-2,0
3,35,1519968709,3238,-0.011280404,-0.020730188,0.620247774,130,-0.000197671,-0.001315867,3357,0.395010129,0.38749551,0.379752226,131,0.008990552,0.015304473,-0.170247774,-1.5,0.5
3,36,1519968709,3366,-0.011738633,-0.022144797,0.570662299,128,-0.000458229,-0.001414609,3491,0.412975234,0.402850276,0.429337701,134,0.017965105,0.015354767,-0.120662299,-1,0.5
3,37,1519968709,3496,-0.011953572,-0.023559406,0.570935153,130,-0.000214938,-0.001414609,3623,0.430983971,0.418205043,0.429064847,132,0.018008736,0.015354767,-0.120935153,-1,0
3,38,1519968709,3629,-0.011909295,-0.024918558,0.571210088,133,4.43E-05,-0.001359153,3753,0.43999026,0.433623901,0.428789912,130,0.009006289,0.015418858,-0.121210088,-1,0
3,39,1519968709,3762,-0.011457941,-0.026266215,0.571477063,133,0.000451354,-0.001347657,3884,0.457467851,0.449102845,0.428522937,131,0.017477591,0.015478945,-0.121477063,-1,0
3,40,1519968709,3893,-0.010883386,-0.027593066,0.621757833,131,0.000574555,-0.001326851,4014,0.47476906,0.46440637,0.378242167,130,0.017301209,0.015303525,-0.171757833,-1.5,-0.5
3,41,1519968709,4021,-0.010319364,-0.028942663,0.672167124,128,0.000564022,-0.001349597,4144,0.492080745,0.47953065,0.327832876,130,0.017311685,0.01512428,-0.222167124,-2,-0.5
3,42,1519968709,4149,-0.009996299,-0.030271026,0.672713994,128,0.000323065,-0.001328363,4272,0.500583365,0.494538644,0.327286006,128,0.00850262,0.015007994,-0.222713994,-2,0
3,43,1519968709,4275,-0.009375808,-0.031685662,0.673257424,126,0.000620491,-0.001414636,4403,0.517439753,0.509597867,0.326742576,131,0.016856388,0.015059223,-0.223257424,-2,0
3,44,1519968709,4399,-0.009051802,-0.033219145,0.673805975,124,0.000324006,-0.001533482,4536,0.534395741,0.524645452,0.326194025,133,0.016955988,0.015047585,-0.223805975,-2,0
3,45,1519968709,4525,-0.008919404,-0.034740694,0.674354057,126,0.000132397,-0.001521549,4665,0.542981095,0.539575935,0.325645943,129,0.008585354,0.014930483,-0.224354057,-2,0
3,46,1519968709,4650,-0.008600812,-0.036348873,0.724899585,125,0.000318592,-0.001608179,4796,0.560288469,0.554556529,0.275100415,131,0.017307374,0.014980594,-0.274899585,-2.5,-0.5
3,47,1519968709,4775,-0.008428008,-0.038067105,0.72559971,125,0.000172804,-0.001718232,4929,0.57758005,0.569643375,0.27440029,133,0.017291581,0.015086846,-0.27559971,-2.5,0
3,48,1519968709,4901,-0.007947884,-0.039839467,0.626283336,126,0.000480124,-0.001772362,5061,0.595165945,0.584723958,0.373716664,132,0.017585895,0.015080583,-0.176283336,-1.5,1
3,49,1519968709,5029,-0.007699746,-0.041634997,0.526690227,128,0.000248138,-0.00179553,5192,0.60396153,0.599861068,0.473309773,131,0.008795585,0.01513711,-0.076690227,-0.5,1
3,50,1519968709,5159,-0.00707356,-0.043515013,0,130,0.000626186,-0.001880016,5326,0.621467297,0.615284409,0,134,0.017505767,0.015423341,0,1,1.5
3,51,1519968709,5290,-0.006074659,-0.045406099,0,131,0.000998901,-0.001891086,5459,0.638991933,0.630706397,0,133,0.017524636,0.015421988,0,1,0
3,52,1519968709,5420,-0.00546115,-0.047210929,0,130,0.000613509,-0.00180483,5587,0.647798436,0.645783128,0,128,0.008806503,0.015076732,0,0.5,-0.5
3,53,1519968710,5541,-0.004108769,-0.04876119,0,121,0.001352381,-0.001550262,5701,0.664469893,0.6595267,0,114,0.016671457,0.013743572,0,1,0.5
3,54,1519968710,5647,-0.00327846,-0.050091979,0,106,0.000830309,-0.001330788,5802,0.671728265,0.67163661,0,101,0.007258372,0.01210991,0,0,-1
3,55,1519968710,5733,-0.001569721,-0.051250787,0,86,0.001708739,-0.001158808,5890,0.683862721,0.681811459,0,88,0.012134456,0.01017485,0,-1,-1
3,56,1519968710,5802,-0.000690974,-0.052242141,0,69,0.000878747,-0.000991354,5964,0.688806048,0.690169014,0,74,0.004943327,0.008357555,0,-1,0
3,57,1519968710,5802,0.001221052,-0.052242141,0,0,0.001912026,0,5964,0.696860973,0.690169014,0,0,0.008054925,0,0,-1,0
4,1,1519968738,0,9.36E-06,0,0.45,0,9.36E-06,0,0,-8.87E-06,0,0.55,0,-8.87E-06,0,0,0,0
4,2,1519968738,0,1.88E-05,0,0.4,0,9.42E-06,0,0,-1.75E-05,0,0.6,0,-8.59E-06,0,0.05,0.5,0.5
4,3,1519968738,0,3.82E-05,0,0.499865545,0,1.94E-05,0,0,1.89E-05,0,0.500134455,0,3.64E-05,0,-0.049865545,-0.5,-1
4,4,1519968738,6,7.71E-05,0,0.60000436,6,3.89E-05,0,6,0.001051196,0.00070625,0.39999564,6,0.001032264,0.00070625,-0.15000436,-1.5,-1
4,5,1519968738,32,0.00016847,3.21E-05,0.550418624,26,9.14E-05,3.21E-05,19,0.004133203,0.003001338,0.449581376,13,0.003082006,0.002295088,-0.100418624,-1,0.5
4,6,1519968738,61,0.000158725,5.05E-05,0.600699668,29,-9.75E-06,1.83E-05,52,0.006532473,0.00665025,0.399300332,33,0.00239927,0.003648912,-0.150699668,-1.5,-0.5
4,7,1519968738,104,9.69E-05,6.19E-05,0.651104563,43,-6.18E-05,1.14E-05,99,0.012905895,0.011947113,0.348895437,47,0.006373422,0.005296863,-0.201104563,-2,-0.5
4,8,1519968739,161,0.000111137,7.89E-05,0.601644765,57,1.42E-05,1.70E-05,157,0.021190676,0.018715321,0.398355235,58,0.008284781,0.006768208,-0.151644765,-1.5,0.5
4,9,1519968739,225,0.000126709,4.18E-05,0.602043788,64,1.56E-05,-3.71E-05,228,0.025953421,0.026660547,0.397956212,71,0.004762744,0.007945226,-0.152043788,-1.5,0
4,10,1519968739,298,8.35E-06,-4.55E-05,0.652448593,73,-0.000118356,-8.73E-05,308,0.036366178,0.035664811,0.347551407,80,0.010412758,0.009004265,-0.202448593,-2,-0.5
4,11,1519968739,382,-0.000251883,-0.000116426,0.652995504,84,-0.000260236,-7.10E-05,392,0.047838812,0.045552057,0.347004496,84,0.011472633,0.009887245,-0.202995504,-2,0
4,12,1519968739,473,-0.000404554,-0.000169652,0.653526524,91,-0.00015267,-5.32E-05,481,0.053993578,0.056145673,0.346473476,89,0.006154766,0.010593616,-0.203526524,-2,0
4,13,1519968739,564,-0.00069684,-0.000330166,0.654065204,91,-0.000292287,-0.000160514,580,0.067364541,0.067326813,0.345934796,99,0.013370963,0.01118114,-0.204065204,-2,0
4,14,1519968739,660,-0.00131563,-0.000608828,0.654612685,96,-0.000618789,-0.000278662,687,0.081678493,0.079270958,0.345387315,107,0.014313953,0.011944146,-0.204612685,-2,0
4,15,1519968739,764,-0.001846072,-0.000904322,0.655152786,104,-0.000530442,-0.000295494,795,0.096602687,0.091744542,0.344847214,108,0.014924194,0.012473584,-0.205152786,-2,0
4,16,1519968739,871,-0.002084427,-0.001260436,0.605693865,107,-0.000238355,-0.000356114,907,0.104357982,0.104628684,0.394306135,112,0.007755295,0.012884142,-0.155693865,-1.5,0.5
4,17,1519968739,983,-0.002274327,-0.001632704,0.606101415,112,-0.0001899,-0.000372268,1021,0.120063746,0.117924515,0.393898585,114,0.015705764,0.013295831,-0.156101415,-1.5,0
4,18,1519968739,1099,-0.002335076,-0.00203791,0.656509865,116,-6.07E-05,-0.000405207,1139,0.136379539,0.131690428,0.343490135,118,0.016315793,0.013765913,-0.206509865,-2,-0.5
4,19,1519968739,1218,-0.002259449,-0.002456821,0.657050784,119,7.56E-05,-0.00041891,1259,0.144490633,0.145750334,0.342949216,120,0.008111094,0.014059907,-0.207050784,-2,0
4,20,1519968739,1337,-0.002058992,-0.002919938,0.607593322,119,0.000200457,-0.000463117,1381,0.160978819,0.159926626,0.392406678,122,0.016488186,0.014176292,-0.157593322,-1.5,0.5
4,21,1519968739,1460,-0.00176395,-0.003359709,0.658000918,123,0.000295043,-0.000439771,1503,0.177488889,0.174339189,0.341999082,122,0.01651007,0.014412563,-0.208000918,-2,-0.5
4,22,1519968739,1583,-0.001516626,-0.003841513,0.708540958,123,0.000247324,-0.000481804,1628,0.185840202,0.188927068,0.291459042,125,0.008351313,0.014587879,-0.258540958,-2.5,-0.5
4,23,1519968739,1709,-0.000843315,-0.004320448,0.65921562,126,0.00067331,-0.000478935,1754,0.202614062,0.203750583,0.34078438,126,0.016773859,0.014823515,-0.20921562,-2,0.5
4,24,1519968739,1834,-0.000201171,-0.0048313,0.659765949,125,0.000642145,-0.000510852,1881,0.219334505,0.218573032,0.340234051,127,0.016720443,0.014822449,-0.209765949,-2,0
4,25,1519968739,1959,0.000445414,-0.005399819,0.710307548,125,0.000324216,-0.000568518,2010,0.236219923,0.233511176,0.289692452,129,0.00844513,0.014938144,-0.260307548,-2.5,-0.5
4,26,1519968739,2085,0.000740884,-0.005997484,0.760976759,126,0.000617838,-0.000597665,2139,0.24452065,0.248507083,0.239023241,129,0.016741016,0.014995907,-0.310976759,-3,-0.5
4,27,1519968740,2210,0.001350284,-0.006678522,0.761807128,125,0.0006094,-0.000681039,2270,0.261253118,0.26355835,0.238192872,131,0.016732467,0.015051267,-0.311807128,-3,0
4,28,1519968740,2333,0.001799627,-0.007469865,0.712621704,123,0.000449343,-0.000791343,2402,0.2782861,0.278545285,0.287378296,132,0.017032982,0.014986935,-0.262621704,-2.5,0.5
4,29,1519968740,2458,0.001906739,-0.008332452,0.663293329,125,0.000107112,-0.000862587,2534,0.28681171,0.29364619,0.336706671,132,0.00852561,0.015100905,-0.213293329,-2,0.5
4,30,1519968740,2583,0.002191372,-0.009310955,0.663825589,125,0.000284633,-0.000978503,2668,0.304162356,0.30885798,0.336174411,134,0.017350647,0.01521179,-0.213825589,-2,0
4,31,1519968740,2710,0.002461477,-0.010363018,0.664364971,127,0.000270105,-0.001052063,2802,0.321643825,0.324182847,0.335635029,134,0.017481469,0.015324868,-0.214364971,-2,0
4,32,1519968740,2839,0.002621642,-0.01142608,0.664908191,129,0.000160166,-0.001063062,2934,0.330509864,0.339506956,0.335091809,132,0.008866039,0.015324108,-0.214908191,-2,0
4,33,1519968740,2970,0.002995647,-0.012518048,0.665449122,131,0.000374004,-0.001091968,3067,0.34820125,0.355006037,0.334550878,133,0.017691386,0.015499081,-0.215449122,-2,0
4,34,1519968740,3099,0.0035831,-0.013677901,0.665985593,129,0.000587453,-0.001159853,3201,0.365895995,0.370441166,0.334014407,134,0.017694745,0.015435129,-0.215985593,-2,0
4,35,1519968740,3099,0.003931099,-0.013677901,0.666537682,0,0.000347999,0,3201,0.37472567,0.370441166,0.333462318,0,0.008829675,0,-0.216537682,-2,0
4,36,1519968740,3230,0.004892172,-0.014847724,0.717078253,131,0.000961073,-0.001169823,3334,0.392373567,0.385934566,0.282921747,133,0.017647897,0.015493399,-0.267078253,-2.5,-0.5
4,37,1519968740,3362,0.00584315,-0.01602756,0.66776013,132,0.000950978,-0.001179836,3467,0.409894218,0.401486229,0.33223987,133,0.017520651,0.015551664,-0.21776013,-2,0.5
4,38,1519968740,3494,0.007391519,-0.017218557,0.618304528,132,0.000660318,-0.001190997,3600,0.42724519,0.417037043,0.381695472,133,0.00871996,0.015550813,-0.168304528,-1.5,0.5
4,39,1519968740,3626,0.008349166,-0.01846352,0.668705148,132,0.001845698,-0.001244963,3735,0.435837097,0.432701711,0.331294852,135,0.017222919,0.015664668,-0.218705148,-2,-0.5
4,40,1519968740,3756,0.010134484,-0.019701717,0.619271027,130,0.001785318,-0.001238197,3867,0.452857123,0.448071709,0.380728973,132,0.017020026,0.015369998,-0.169271027,-1.5,0.5
4,41,1519968740,3888,0.011851455,-0.020981217,0.569673979,132,0.001716971,-0.0012795,4001,0.469596811,0.463674543,0.430326021,134,0.016739688,0.015602834,-0.119673979,-1,0.5
4,42,1519968740,4017,0.012730523,-0.022296619,0.569944484,129,0.000879068,-0.001315402,4134,0.477933453,0.479038126,0.430055516,133,0.008336642,0.015363583,-0.119944484,-1,0
4,43,1519968740,4017,0.014537795,-0.022296619,0.570212049,0,0.001807272,0,4134,0.494609936,0.479038126,0.429787951,0,0.016676483,0,-0.120212049,-1,0
4,44,1519968740,4257,0.016404334,-0.02506124,0.570481324,240,0.001866538,-0.002764621,4385,0.511231394,0.507802972,0.429518676,251,0.016621458,0.028764846,-0.120481324,-1,0
4,45,1519968741,4386,0.017338187,-0.026497862,0,129,0.000933853,-0.001436622,4516,0.519576151,0.523037468,0,131,0.008344756,0.015234496,0,-1.5,-0.5
4,46,1519968741,4513,0.019215473,-0.027999741,0,127,0.001877287,-0.00150188,4648,0.536450004,0.538206529,0,132,0.016873853,0.01516906,0,-2,-0.5
4,47,1519968741,4638,0.021167114,-0.029488097,0,125,0.001951641,-0.001488356,4776,0.553152476,0.553022061,0,128,0.016702472,0.014815532,0,-2,0
4,48,1519968741,4757,0.022215461,-0.030811287,0,119,0.001048347,-0.00132319,4892,0.560741473,0.56678935,0,116,0.007588997,0.013767289,0,-2,0
4,49,1519968741,4862,0.024684512,-0.031969332,0,105,0.002469051,-0.001158044,4995,0.573765239,0.578976118,0,103,0.013023766,0.012186769,0,-2.5,-0.5
4,50,1519968741,4950,0.026027036,-0.03297339,0,88,0.001342524,-0.001004058,5084,0.579303053,0.589344805,0,89,0.005537814,0.010368687,0,-2.5,0
4,51,1519968741,5023,0.028818181,-0.033858966,0,73,0.002791145,-0.000885577,5161,0.588454371,0.5981284,0,77,0.009151318,0.008783595,0,-2,0.5
4,52,1519968741,5084,0.030328476,-0.034542206,0,61,0.001510295,-0.00068324,5220,0.592218136,0.605157774,0,59,0.003763764,0.007029373,0,-2,0
4,53,1519968741,5132,0.033490095,-0.03505803,0,48,0.003161618,-0.000515824,5265,0.598049898,0.610606851,0,45,0.005831762,0.005449077,0,-2.5,-0.5
4,54,1519968741,5167,0.036908195,-0.035440738,0,35,0.0034181,-0.000382708,5299,0.601561172,0.614649715,0,34,0.003511274,0.004042864,0,-2.5,0
4,55,1519968741,5190,0.038718892,-0.035680157,0,23,0.001810698,-0.000239419,5320,0.602492288,0.617228207,0,21,0.000931116,0.002578492,0,-2,0.5
4,56,1519968741,5196,0.042557474,-0.035771929,0,6,0.003838581,-9.18E-05,5330,0.602779139,0.618165391,0,10,0.000286851,0.000937184,0,-2,0
4,57,1519968741,5196,0.044567026,-0.035783484,0,0,0.002009552,-1.16E-05,5332,0.602135733,0.618282531,0,2,-0.000643406,0.00011714,0,-2,0
5,1,1519968759,0,-2.36E-06,0,0.5,0,-2.36E-06,0,0,2.51E-06,0,0.5,0,2.51E-06,0,-0.05,-0.5,-0.5
5,2,1519968759,0,-2.38E-08,0,0.600000595,0,2.34E-06,0,0,-2.91E-06,0,0.399999405,0,-5.42E-06,0,-0.150000595,-1.5,-1
5,3,1519968759,0,-1.71E-05,0,0.65040246,0,-1.71E-05,0,0,7.24E-05,0,0.34959754,0,7.53E-05,0,-0.20040246,-2,-0.5
5,4,1519968759,5,-3.91E-05,-6.08E-06,0.65093466,5,-2.20E-05,-6.08E-06,11,0.001679407,0.000941647,0.34906534,11,0.001607004,0.000941647,-0.20093466,-2,0
5,5,1519968759,32,-2.57E-05,2.85E-06,0.601465111,27,1.34E-05,8.93E-06,31,0.003357773,0.003707778,0.398534889,20,0.001678366,0.002766131,-0.151465111,-1.5,0.5
5,6,1519968759,91,-4.25E-05,-7.28E-05,0.651868252,59,-1.68E-05,-7.57E-05,100,0.008574815,0.011240731,0.348131748,69,0.005217042,0.007532953,-0.201868252,-2,-0.5
5,7,1519968760,91,-0.000146847,-7.28E-05,0.652490212,0,-0.0001043,0,100,0.015836157,0.011240731,0.347509788,0,0.007261341,0,-0.202490212,-2,0
5,8,1519968760,159,4.35E-06,-0.000142794,0.703042724,68,0.000151198,-7.00E-05,170,0.024769632,0.019362305,0.296957276,70,0.008933475,0.008121574,-0.253042724,-2.5,-0.5
5,9,1519968760,229,0.000134513,-0.000217242,0.653710901,70,0.000130162,-7.44E-05,241,0.029768213,0.027660409,0.346289099,71,0.004998581,0.008298104,-0.203710901,-2,0.5
5,10,1519968760,309,0.000298781,-0.000298344,0.654243962,80,0.000164269,-8.11E-05,321,0.040602273,0.037076726,0.345756038,80,0.01083406,0.009416317,-0.204243962,-2,0
5,11,1519968760,394,0.000413096,-0.000418919,0.70477717,85,0.000114314,-0.000120575,409,0.05254962,0.047257783,0.29522283,88,0.011947347,0.010181057,-0.25477717,-2.5,-0.5
5,12,1519968760,485,0.000482855,-0.000558818,0.705445157,91,6.98E-05,-0.000139899,502,0.058857129,0.058086046,0.294554843,93,0.006307509,0.010828263,-0.255445157,-2.5,0
5,13,1519968760,582,0.000445017,-0.000737724,0.656115983,97,-3.78E-05,-0.000178906,602,0.072103797,0.069678936,0.343884017,100,0.013246668,0.01159289,-0.206115983,-2,0.5
5,14,1519968760,682,0.000248686,-0.000990055,0.656665934,100,-0.000196331,-0.000252331,708,0.085980146,0.081800269,0.343334066,106,0.013876349,0.012121332,-0.206665934,-2,0
5,15,1519968760,785,0.000143665,-0.001273892,0.707199054,103,-0.000105021,-0.000283837,815,0.093101651,0.094156384,0.292800946,107,0.007121505,0.012356115,-0.257199054,-2.5,-0.5
5,16,1519968760,892,-0.000257253,-0.0015901,0.707865378,107,-0.000400918,-0.000316208,925,0.107943025,0.106923823,0.292134622,110,0.014841374,0.012767439,-0.257865378,-2.5,0
5,17,1519968760,1000,-0.000546217,-0.001999795,0.608554416,108,-0.000288964,-0.000409695,1040,0.123399963,0.120041906,0.391445584,115,0.015456937,0.013118083,-0.158554416,-1.5,1
5,18,1519968760,1113,-0.001059147,-0.002463199,0.558955323,113,-0.000512931,-0.000463403,1158,0.139237398,0.133629319,0.441044677,118,0.015837436,0.013587413,-0.108955323,-1,0.5
5,19,1519968760,1226,-0.001411937,-0.003026456,0.409225172,113,-0.00035279,-0.000563257,1279,0.147319755,0.147389671,0.590774828,121,0.008082356,0.013760352,0.040774828,0.5,1.5
5,20,1519968760,1345,-0.002100078,-0.00357653,0.409090012,119,-0.000688141,-0.000550074,1399,0.163837263,0.161445057,0.590909988,120,0.016517509,0.014055386,0.040909988,0.5,0
5,21,1519968760,1467,-0.002812624,-0.004115296,0.508954802,122,-0.000712545,-0.000538766,1520,0.180287883,0.175736467,0.491045198,121,0.016450619,0.014291411,-0.058954802,-0.5,-1
5,22,1519968760,1594,-0.003073034,-0.004558656,0.509090169,127,-0.00026041,-0.00044336,1640,0.188642759,0.190266684,0.490909831,120,0.008354876,0.014530217,-0.059090169,-0.5,0
5,23,1519968760,1718,-0.003405127,-0.005005413,0.609224406,124,-0.000332094,-0.000446758,1762,0.205431462,0.204737914,0.390775594,122,0.016788704,0.01447123,-0.159224406,-1.5,-1
5,24,1519968760,1841,-0.00407957,-0.005480058,0.659629953,123,-0.000674442,-0.000474645,1886,0.222325511,0.219267143,0.340370047,124,0.016894049,0.014529228,-0.209629953,-2,-0.5
5,25,1519968760,1966,-0.00442373,-0.00595519,0.610171814,125,-0.000344161,-0.000475132,2011,0.230799408,0.233973011,0.389828186,125,0.008473896,0.014705868,-0.160171814,-1.5,0.5
5,26,1519968761,2091,-0.005005728,-0.006484088,0.56057929,125,-0.000581998,-0.000528898,2139,0.247667725,0.248853719,0.43942071,128,0.016868318,0.014880708,-0.11057929,-1,0.5
5,27,1519968761,2215,-0.005455595,-0.007095488,0.510850084,124,-0.000449866,-0.000611399,2269,0.264397891,0.263790169,0.489149916,130,0.016730165,0.01493645,-0.060850084,-0.5,0.5
5,28,1519968761,2344,-0.005742693,-0.007628567,0.510985094,129,-0.000287098,-0.000533079,2395,0.272767191,0.278788511,0.489014906,126,0.0083693,0.014998342,-0.060985094,-0.5,0
5,29,1519968761,2472,-0.006321002,-0.008161646,0.511120872,128,-0.000578309,-0.000533079,2522,0.289424005,0.293786853,0.488879128,127,0.016656815,0.014998342,-0.061120872,-0.5,0
5,30,1519968761,2600,-0.00684672,-0.008665827,0.51125932,128,-0.000525718,-0.000504181,2648,0.306196801,0.308727307,0.48874068,126,0.016772796,0.014940454,-0.06125932,-0.5,0
5,31,1519968761,2725,-0.007561314,-0.009245064,0.61139546,125,-0.000714594,-0.000579237,2777,0.322923211,0.323665039,0.38860454,129,0.01672641,0.014937732,-0.16139546,-1.5,-1
5,32,1519968761,2850,-0.007869872,-0.009812162,0.711801534,125,-0.000308559,-0.000567098,2903,0.331413322,0.338426545,0.288198466,126,0.00849011,0.014761507,-0.261801534,-2.5,-1
5,33,1519968761,2976,-0.008596858,-0.010412841,0.612477584,126,-0.000726986,-0.000600679,3031,0.348429416,0.353363431,0.387522416,128,0.017016094,0.014936885,-0.162477584,-1.5,1
5,34,1519968761,3099,-0.009536707,-0.011131427,0.512886439,123,-0.00093985,-0.000718585,3162,0.365577803,0.368295108,0.487113561,131,0.017148387,0.014931677,-0.062886439,-0.5,1
5,35,1519968761,3219,-0.010055453,-0.012012589,0.613021411,120,-0.000518746,-0.000881162,3295,0.374304109,0.383159117,0.386978589,133,0.008726306,0.014864009,-0.163021411,-1.5,-1
5,36,1519968761,3347,-0.011087325,-0.012834025,0.563427964,128,-0.001031872,-0.000821436,3423,0.391654489,0.398203374,0.436572036,128,0.017350379,0.015044258,-0.113427964,-1,0.5
5,37,1519968761,3478,-0.012219307,-0.013635395,0.413696729,131,-0.001131982,-0.00080137,3552,0.409104983,0.413484459,0.586303271,129,0.017450495,0.015281085,0.036303271,0.5,1.5
5,38,1519968761,3607,-0.012688717,-0.014480633,0.413561677,129,-0.00046941,-0.000845238,3683,0.417837531,0.428763181,0.586438323,131,0.008732548,0.015278721,0.036438323,0.5,0
5,39,1519968761,3735,-0.013273946,-0.01536085,0.513425929,128,-0.000585229,-0.000880218,3814,0.435476735,0.443980975,0.486574071,131,0.017639204,0.015217794,-0.063425929,-0.5,-1
5,40,1519968761,3871,-0.013597666,-0.01608825,0.563565972,136,-0.00032372,-0.0007274,3941,0.452763341,0.45944252,0.436434028,127,0.017286606,0.015461545,-0.113565972,-1,-0.5
5,41,1519968761,4004,-0.013822923,-0.016777078,0.563836848,133,-0.000225257,-0.000688828,4069,0.469785228,0.474788005,0.436163152,128,0.017021887,0.015345485,-0.113836848,-1,0
5,42,1519968761,4132,-0.013928323,-0.017537126,0.564107738,128,-0.000105399,-0.000760047,4200,0.478324407,0.490012274,0.435892262,131,0.008539179,0.015224269,-0.114107738,-1,0
5,43,1519968761,4260,-0.013901956,-0.018291304,0.614376303,128,2.64E-05,-0.000754178,4329,0.495333036,0.505118981,0.385623697,129,0.017008628,0.015106707,-0.164376303,-1.5,-0.5
5,44,1519968762,4388,-0.01380557,-0.019095056,0.564788564,128,9.64E-05,-0.000803752,4460,0.511944699,0.520341005,0.435211436,131,0.016611663,0.015222024,-0.114788564,-1,0.5
5,45,1519968762,4388,-0.01379599,-0.019095056,0.565056544,0,9.58E-06,0,4460,0.52018231,0.520341005,0.434943456,0,0.008237612,0,-0.115056544,-1,0
5,46,1519968762,4516,-0.013850101,-0.019912029,0.415324709,128,-5.41E-05,-0.000816973,4590,0.536743514,0.535503386,0.584675291,130,0.016561203,0.015162381,0.034675291,0.5,1.5
5,47,1519968762,4641,-0.013972874,-0.020769899,0,125,-0.000122773,-0.00085787,4719,0.553452599,0.550427709,0,129,0.016709085,0.014924323,0,0,-0.5
5,48,1519968762,4766,-0.014077879,-0.021651065,0,125,-0.000105005,-0.000881165,4847,0.561825174,0.565291717,0,128,0.008372576,0.014864009,0,0,0
5,49,1519968762,4893,-0.014202707,-0.022539196,0,127,-0.000124828,-0.000888131,4975,0.578657131,0.580273228,0,128,0.016831956,0.014981511,0,0,0
5,50,1519968762,5020,-0.014274661,-0.02336047,0,127,-7.20E-05,-0.000821274,5099,0.587064706,0.595022777,0,124,0.008407575,0.014749549,0,-1,-1
5,51,1519968762,5134,-0.014277483,-0.024103215,0,114,-2.82E-06,-0.000742746,5212,0.603037601,0.60836201,0,113,0.015972895,0.013339233,0,-0.5,0.5
5,52,1519968762,5233,-0.014168104,-0.024803272,0,99,0.000109379,-0.000700056,5314,0.615910461,0.620170965,0,102,0.01287286,0.011808955,0,-0.5,0
5,53,1519968762,5316,-0.014079867,-0.0254421,0,83,8.82E-05,-0.000638828,5402,0.621457621,0.630214732,0,88,0.005547161,0.010043767,0,-0.5,0
5,54,1519968762,5387,-0.013741847,-0.025945075,0,71,0.00033802,-0.000502975,5472,0.630726425,0.638497913,0,70,0.009268804,0.008283181,0,0,0.5
5,55,1519968762,5444,-0.013533769,-0.026365,0,57,0.000208078,-0.000419925,5530,0.634519469,0.645253103,0,58,0.003793044,0.00675519,0,0,0
5,56,1519968762,5489,-0.013052543,-0.026682481,0,45,0.000481226,-0.000317481,5574,0.640447336,0.650481493,0,44,0.005927868,0.005228391,0,0,0
5,57,1519968762,5521,-0.012770589,-0.02691983,0,32,0.000281953,-0.000237349,5607,0.642609724,0.654299644,0,33,0.002162388,0.003818151,0,-0.5,-0.5
5,58,1519968762,5542,-0.012108689,-0.027066085,0,21,0.0006619,-0.000146255,5627,0.645532445,0.656708228,0,20,0.002922721,0.002408584,0,-0.5,0
5,59,1519968762,5552,-0.011326294,-0.02713785,0,10,0.000782395,-7.18E-05,5637,0.646511779,0.657883122,0,10,0.000979334,0.001174894,0,0,0.5
5,60,1519968762,5558,-0.010903872,-0.027150179,0,6,0.000422423,-1.23E-05,5635,0.64634384,0.658118215,0,-2,-0.000167939,0.000235094,0,-0.5,-0.5
5,61,1519968762,5558,-0.010008936,-0.027150179,0,0,0.000894935,0,5635,0.645663625,0.658118215,0,0,-0.000680215,0,0,-0.5,0
